data,insert,decode,
10000,0.335687,2.21653,
100000,5.50989,35.0126,
