data,insert,decode,
10000,0.338419,2.21365,
100000,5.46047,34.8367,
1000000,102.077,779.867,
10000000,2494.18,11674.2,
